skill,latitude,longitude,first_name,last_name,address
LSF,47.475121,-0.604462,Yen,Richards,Ap #517-5533 Amet Ave 01346 Couthuin
LSF,47.493305,-0.551272,Aphrodite,Gould,5084 Auctor. Street N9H 5Z0 Poviglio
LSF,47.475121,-0.604462,Apprenant1,Apprenant1,Ap #517-5533 Amet Ave 01346 Couthuin
LSF,47.493305,-0.551272,Apprenant2,Apprenant2,5084 Auctor. Street N9H 5Z0 Poviglio
LSF,47.493305,-0.551272,Apprenant3,Apprenant3,5084 Auctor. Street N9H 5Z0 Poviglio
LPC,47.476898,-0.603304,Kenneth,Hull,P.O. Box 176- 4227 Ut- Rd. 58401 Bhatpara
LPC,47.493305,-0.551272,Maxime,Harmon,8392 Neque Street 932944 Hachst
LPC,47.609600,-0.564400,Erwann,Schmidt,2 rue de la gare 70555 Belfort
LPC,47.598598,-0.575400,Allison,Perrou,2900 cite zo 932944 Hachst
LPC,47.598598,-0.575400,Apprenant4,Apprenant4,2900 cite zo 932944 Hachst
